{"mean":{"confidence_interval":{"confidence_level":0.95,"lower_bound":-0.04611541198827701,"upper_bound":-0.0010832873958419574},"point_estimate":-0.022971713301019436,"standard_error":0.01143074028247919},"median":{"confidence_interval":{"confidence_level":0.95,"lower_bound":-0.03505295253470897,"upper_bound":0.002018238236747294},"point_estimate":-0.01564332352291209,"standard_error":0.009247051874721092}}