{"mean":{"confidence_interval":{"confidence_level":0.95,"lower_bound":-0.03156692439423982,"upper_bound":0.017235906247093535},"point_estimate":-0.006927695983196536,"standard_error":0.012528863505293137},"median":{"confidence_interval":{"confidence_level":0.95,"lower_bound":-0.048375239634005585,"upper_bound":0.03342145359155868},"point_estimate":-0.004732363032637021,"standard_error":0.021194101923842232}}