{"mean":{"confidence_interval":{"confidence_level":0.95,"lower_bound":0.00017597514582030086,"upper_bound":0.0034460613547242836},"point_estimate":0.0016846329981554664,"standard_error":0.0008532467000190568},"median":{"confidence_interval":{"confidence_level":0.95,"lower_bound":-0.0004305790300552781,"upper_bound":0.003735008229285926},"point_estimate":0.0004195140348142168,"standard_error":0.0011731342570519816}}