{"mean":{"confidence_interval":{"confidence_level":0.95,"lower_bound":0.0008444964251146437,"upper_bound":0.004421228175715974},"point_estimate":0.0023851453910403997,"standard_error":0.0009169550721952222},"median":{"confidence_interval":{"confidence_level":0.95,"lower_bound":0.0003489412164441319,"upper_bound":0.004291002174966696},"point_estimate":0.0014083026928326525,"standard_error":0.0007242358370348864}}