{"mean":{"confidence_interval":{"confidence_level":0.95,"lower_bound":-0.036410911977212856,"upper_bound":0.018686883085001334},"point_estimate":-0.008019460499418818,"standard_error":0.014099184324430983},"median":{"confidence_interval":{"confidence_level":0.95,"lower_bound":-0.04910313041304959,"upper_bound":0.02259939740339001},"point_estimate":-0.008224612225706696,"standard_error":0.01920085879325574}}