{"mean":{"confidence_interval":{"confidence_level":0.95,"lower_bound":-0.0007350150100556784,"upper_bound":-0.00003082216954289077},"point_estimate":-0.0003361213251139583,"standard_error":0.0001815093567384107},"median":{"confidence_interval":{"confidence_level":0.95,"lower_bound":-0.0004549296141135306,"upper_bound":0.000054102266125566345},"point_estimate":-0.00021279765384307758,"standard_error":0.00013239174498125639}}