{"mean":{"confidence_interval":{"confidence_level":0.95,"lower_bound":-0.0302300851644456,"upper_bound":-0.010984173980199192},"point_estimate":-0.020911552454959126,"standard_error":0.004944743100740806},"median":{"confidence_interval":{"confidence_level":0.95,"lower_bound":-0.03718582875638188,"upper_bound":-0.009770272754433096},"point_estimate":-0.022936893003273062,"standard_error":0.007448793751833638}}