{"mean":{"confidence_interval":{"confidence_level":0.95,"lower_bound":-0.018021821421290374,"upper_bound":0.03302155661768192},"point_estimate":0.005623707201528161,"standard_error":0.0130988338416461},"median":{"confidence_interval":{"confidence_level":0.95,"lower_bound":-0.036245946761905935,"upper_bound":0.045666871589285174},"point_estimate":-0.016346948281979246,"standard_error":0.020126844617039015}}