{"mean":{"confidence_interval":{"confidence_level":0.95,"lower_bound":-0.016397682049361626,"upper_bound":0.03921197030222652},"point_estimate":0.011348172597058115,"standard_error":0.014173059611701731},"median":{"confidence_interval":{"confidence_level":0.95,"lower_bound":-0.029526652909075968,"upper_bound":0.044878759871175955},"point_estimate":0.010459031109155692,"standard_error":0.02018553470152244}}