{"mean":{"confidence_interval":{"confidence_level":0.95,"lower_bound":0.00033928888079163834,"upper_bound":0.004842567667991292},"point_estimate":0.002247143120630346,"standard_error":0.0011754815589715036},"median":{"confidence_interval":{"confidence_level":0.95,"lower_bound":0.00008224975740822593,"upper_bound":0.004280322113856094},"point_estimate":0.0006230501517907605,"standard_error":0.0009779766658709918}}