{"mean":{"confidence_interval":{"confidence_level":0.95,"lower_bound":-0.0004029404410410941,"upper_bound":0.0004938333350787693},"point_estimate":0.000014772923461858767,"standard_error":0.00022866106396478953},"median":{"confidence_interval":{"confidence_level":0.95,"lower_bound":-0.0007594696962284209,"upper_bound":0.0007151132516873826},"point_estimate":0.000024539580774307623,"standard_error":0.00028549436980314775}}