{"mean":{"confidence_interval":{"confidence_level":0.95,"lower_bound":-0.02603404978558269,"upper_bound":0.020678974522485634},"point_estimate":-0.0036993737383760328,"standard_error":0.011828344705111665},"median":{"confidence_interval":{"confidence_level":0.95,"lower_bound":-0.0290749987757285,"upper_bound":0.02018699150109815},"point_estimate":0.003945492682252194,"standard_error":0.011689074482718267}}