{"mean":{"confidence_interval":{"confidence_level":0.95,"lower_bound":3.7282947434265905,"upper_bound":3.7289369927489653},"point_estimate":3.728611369745863,"standard_error":0.00016437543362906085},"median":{"confidence_interval":{"confidence_level":0.95,"lower_bound":3.728100992984639,"upper_bound":3.728981381274799},"point_estimate":3.728680394279576,"standard_error":0.00024424724370155043},"median_abs_dev":{"confidence_interval":{"confidence_level":0.95,"lower_bound":0.00010586396741925625,"upper_bound":0.0009693808368985984},"point_estimate":0.0005587509911097818,"standard_error":0.00022099088464253835},"slope":{"confidence_interval":{"confidence_level":0.95,"lower_bound":3.728124901731605,"upper_bound":3.7291037851992503},"point_estimate":3.728639719007114,"standard_error":0.0002493192415625177},"std_dev":{"confidence_interval":{"confidence_level":0.95,"lower_bound":0.00032399967652408355,"upper_bound":0.000691727227569537},"point_estimate":0.0005462595808942193,"standard_error":0.00009661455236497974}}