{"mean":{"confidence_interval":{"confidence_level":0.95,"lower_bound":3.7269023077388383,"upper_bound":3.7414853585442813},"point_estimate":3.7321128209963454,"standard_error":0.0043350141474596884},"median":{"confidence_interval":{"confidence_level":0.95,"lower_bound":3.7265412263895374,"upper_bound":3.729786060990814},"point_estimate":3.7273689509022665,"standard_error":0.001228627726707065},"median_abs_dev":{"confidence_interval":{"confidence_level":0.95,"lower_bound":0.00010303734879866562,"upper_bound":0.003344032853030901},"point_estimate":0.0011623356179720427,"standard_error":0.0014958539274946725},"slope":{"confidence_interval":{"confidence_level":0.95,"lower_bound":3.727192974190807,"upper_bound":3.757144068976039},"point_estimate":3.7395184919457525,"standard_error":0.009261271274550774},"std_dev":{"confidence_interval":{"confidence_level":0.95,"lower_bound":0.0006745683917276138,"upper_bound":0.022133875651758003},"point_estimate":0.014403051018351924,"standard_error":0.007600550576104934}}