{"mean":{"confidence_interval":{"confidence_level":0.95,"lower_bound":-0.00018085384416910978,"upper_bound":0.00035972491646914505},"point_estimate":0.00007734959742133896,"standard_error":0.00013860158593753942},"median":{"confidence_interval":{"confidence_level":0.95,"lower_bound":-0.0002681761413523276,"upper_bound":0.0005328938513347037},"point_estimate":0.00012705840207116736,"standard_error":0.00019776728641021787}}