{"mean":{"confidence_interval":{"confidence_level":0.95,"lower_bound":3.7300287521082054,"upper_bound":3.7420171267516418},"point_estimate":3.7355596691193917,"standard_error":0.0030816548260768047},"median":{"confidence_interval":{"confidence_level":0.95,"lower_bound":3.727829626977007,"upper_bound":3.7444623867598272},"point_estimate":3.730527526633219,"standard_error":0.004366614085432836},"median_abs_dev":{"confidence_interval":{"confidence_level":0.95,"lower_bound":0.000578087972577318,"upper_bound":0.017286586953376207},"point_estimate":0.005241327572693557,"standard_error":0.004459198428489689},"slope":{"confidence_interval":{"confidence_level":0.95,"lower_bound":3.728065168307713,"upper_bound":3.73612931530744},"point_estimate":3.7308889163456107,"standard_error":0.0020731327122188964},"std_dev":{"confidence_interval":{"confidence_level":0.95,"lower_bound":0.004087702184776444,"upper_bound":0.012551194831692623},"point_estimate":0.010246994430672653,"standard_error":0.0021661520820450194}}