{"mean":{"confidence_interval":{"confidence_level":0.95,"lower_bound":122436495.39125,"upper_bound":126154419.46125},"point_estimate":123980211.7,"standard_error":976280.3105004671},"median":{"confidence_interval":{"confidence_level":0.95,"lower_bound":122045271.0,"upper_bound":124924598.0},"point_estimate":122548843.25,"standard_error":758252.2533356134},"median_abs_dev":{"confidence_interval":{"confidence_level":0.95,"lower_bound":205456.85110241175,"upper_bound":3380358.333286643},"point_estimate":981316.6139781475,"standard_error":892555.0462815735},"slope":null,"std_dev":{"confidence_interval":{"confidence_level":0.95,"lower_bound":657847.9886413814,"upper_bound":4758353.947676613},"point_estimate":3254560.3336062515,"standard_error":1206354.1130760214}}