{"mean":{"confidence_interval":{"confidence_level":0.95,"lower_bound":122620331.7,"upper_bound":123862919.995},"point_estimate":123238410.75,"standard_error":317026.32746820763},"median":{"confidence_interval":{"confidence_level":0.95,"lower_bound":122287766.0,"upper_bound":124237778.5},"point_estimate":123206414.25,"standard_error":434436.78192095156},"median_abs_dev":{"confidence_interval":{"confidence_level":0.95,"lower_bound":266976.9663602114,"upper_bound":1899975.958518684},"point_estimate":1211382.4007436633,"standard_error":442652.13426214625},"slope":null,"std_dev":{"confidence_interval":{"confidence_level":0.95,"lower_bound":624375.5588720911,"upper_bound":1309464.0237431761},"point_estimate":1059955.6938437268,"standard_error":177009.63276888826}}