{"mean":{"confidence_interval":{"confidence_level":0.95,"lower_bound":-0.0002654913195687891,"upper_bound":0.00019687547732935017},"point_estimate":-0.000035435593004784494,"standard_error":0.0001187879343187635},"median":{"confidence_interval":{"confidence_level":0.95,"lower_bound":-0.0002910455433908776,"upper_bound":0.0001869718896985173},"point_estimate":-0.00013105624089360113,"standard_error":0.00012499587761981664}}