{"mean":{"confidence_interval":{"confidence_level":0.95,"lower_bound":-0.0005533543050057709,"upper_bound":0.0002528952439577455},"point_estimate":-0.0001377054746342088,"standard_error":0.0002057633038070374},"median":{"confidence_interval":{"confidence_level":0.95,"lower_bound":-0.0005228338703682223,"upper_bound":0.0002927268294266039},"point_estimate":-0.00010025772502630925,"standard_error":0.00019761393664910986}}