{"mean":{"confidence_interval":{"confidence_level":0.95,"lower_bound":-0.00026419776322514354,"upper_bound":0.045034801284855534},"point_estimate":0.015065805367240115,"standard_error":0.013535205346678852},"median":{"confidence_interval":{"confidence_level":0.95,"lower_bound":-0.00018942194466420315,"upper_bound":0.0002986809012968106},"point_estimate":-0.00009733999064764909,"standard_error":0.00018668771460252052}}