{"mean":{"confidence_interval":{"confidence_level":0.95,"lower_bound":-0.004494373074499875,"upper_bound":0.05415781810905158},"point_estimate":0.022494297894985582,"standard_error":0.015062350117073884},"median":{"confidence_interval":{"confidence_level":0.95,"lower_bound":-0.014049197986556461,"upper_bound":0.048452318111229076},"point_estimate":0.01715222044343423,"standard_error":0.01625185110453925}}