{"mean":{"confidence_interval":{"confidence_level":0.95,"lower_bound":-0.018032960270467375,"upper_bound":0.015683147345369523},"point_estimate":-0.0010165862738399367,"standard_error":0.008633010144615448},"median":{"confidence_interval":{"confidence_level":0.95,"lower_bound":-0.02153111670543928,"upper_bound":0.01681525065006192},"point_estimate":-0.0034005001926789014,"standard_error":0.00888705968422809}}