{"mean":{"confidence_interval":{"confidence_level":0.95,"lower_bound":-0.0001239116491196429,"upper_bound":0.001012294466380897},"point_estimate":0.0004668172697401829,"standard_error":0.0002875542415804242},"median":{"confidence_interval":{"confidence_level":0.95,"lower_bound":0.00010289625140980085,"upper_bound":0.0010720436473434791},"point_estimate":0.0003193726486458992,"standard_error":0.00025731948431534287}}