{"mean":{"confidence_interval":{"confidence_level":0.95,"lower_bound":-0.01895078726265604,"upper_bound":0.001794785708882751},"point_estimate":-0.005702061637293809,"standard_error":0.006117689960415498},"median":{"confidence_interval":{"confidence_level":0.95,"lower_bound":-0.00027055530075703604,"upper_bound":0.0008148032843524611},"point_estimate":0.00009088821032565697,"standard_error":0.0013760320402212152}}