{"mean":{"confidence_interval":{"confidence_level":0.95,"lower_bound":5203454.092923281,"upper_bound":5369000.716934856},"point_estimate":5290655.503849206,"standard_error":42539.97380324846},"median":{"confidence_interval":{"confidence_level":0.95,"lower_bound":5181702.777777778,"upper_bound":5436528.722222222},"point_estimate":5298931.291666666,"standard_error":54611.12040793097},"median_abs_dev":{"confidence_interval":{"confidence_level":0.95,"lower_bound":3111.796138087663,"upper_bound":251207.44039239854},"point_estimate":150546.9387147585,"standard_error":65402.204982253024},"slope":{"confidence_interval":{"confidence_level":0.95,"lower_bound":5250741.840882284,"upper_bound":5378109.617857153},"point_estimate":5309658.898412698,"standard_error":32530.881954315802},"std_dev":{"confidence_interval":{"confidence_level":0.95,"lower_bound":69359.46483139825,"upper_bound":179134.3273173145},"point_estimate":142211.57760417045,"standard_error":28352.041475458413}}