{"mean":{"confidence_interval":{"confidence_level":0.95,"lower_bound":-0.03859363896558564,"upper_bound":-0.0020231010230541795},"point_estimate":-0.02021851602647573,"standard_error":0.009364850279488328},"median":{"confidence_interval":{"confidence_level":0.95,"lower_bound":-0.037629430852970214,"upper_bound":-0.00206408219034504},"point_estimate":-0.028004007311802193,"standard_error":0.00946228603279471}}