{"mean":{"confidence_interval":{"confidence_level":0.95,"lower_bound":-0.0453179640984573,"upper_bound":-0.01840726242512542},"point_estimate":-0.032320749046281794,"standard_error":0.006854847733930814},"median":{"confidence_interval":{"confidence_level":0.95,"lower_bound":-0.049913655418164504,"upper_bound":-0.013115714477471174},"point_estimate":-0.04045351457153712,"standard_error":0.00975425873081084}}