{"mean":{"confidence_interval":{"confidence_level":0.95,"lower_bound":-0.007094584105403967,"upper_bound":0.00031511517016774527},"point_estimate":-0.002404001856964655,"standard_error":0.00212778742118745},"median":{"confidence_interval":{"confidence_level":0.95,"lower_bound":-0.001777848788279579,"upper_bound":0.00034290856588148344},"point_estimate":-0.0001368794008783647,"standard_error":0.0006724814455069536}}