{"mean":{"confidence_interval":{"confidence_level":0.95,"lower_bound":-0.001856329204750212,"upper_bound":0.003428268247348656},"point_estimate":0.00037079974189602183,"standard_error":0.0013588158988309612},"median":{"confidence_interval":{"confidence_level":0.95,"lower_bound":-0.0005580698176538279,"upper_bound":0.000155833366875191},"point_estimate":-0.00028932673291959254,"standard_error":0.0009984286761041115}}