{"mean":{"confidence_interval":{"confidence_level":0.95,"lower_bound":-0.0022718141196188452,"upper_bound":0.00023888401855490221},"point_estimate":-0.0007160957542290403,"standard_error":0.0007005181040449928},"median":{"confidence_interval":{"confidence_level":0.95,"lower_bound":-0.0006165711487139403,"upper_bound":0.00028803245285047296},"point_estimate":-0.000055917908243774406,"standard_error":0.0002989610997336209}}