{"mean":{"confidence_interval":{"confidence_level":0.95,"lower_bound":-0.0021548090378899986,"upper_bound":-0.00012115314705259402},"point_estimate":-0.0008527678048868559,"standard_error":0.0005940837358252008},"median":{"confidence_interval":{"confidence_level":0.95,"lower_bound":-0.0005366279239438221,"upper_bound":-0.00003854368256550611},"point_estimate":-0.0001804159643237213,"standard_error":0.0001822718796818866}}