{"mean":{"confidence_interval":{"confidence_level":0.95,"lower_bound":-0.04008297197584622,"upper_bound":0.014884691510399567},"point_estimate":-0.011981114602373277,"standard_error":0.014094553734531404},"median":{"confidence_interval":{"confidence_level":0.95,"lower_bound":-0.04220283663033608,"upper_bound":0.026890961504221877},"point_estimate":-0.013913348647736967,"standard_error":0.01790442534290096}}