{"mean":{"confidence_interval":{"confidence_level":0.95,"lower_bound":-0.00610331155830715,"upper_bound":0.011567118413768639},"point_estimate":0.002732540167982078,"standard_error":0.004509640924190253},"median":{"confidence_interval":{"confidence_level":0.95,"lower_bound":-0.007408620394233956,"upper_bound":0.01658133976569154},"point_estimate":0.0048657726646441635,"standard_error":0.006120576176992387}}