{"mean":{"confidence_interval":{"confidence_level":0.95,"lower_bound":-0.013803402373778535,"upper_bound":-0.000139445631590038},"point_estimate":-0.0058782946318807205,"standard_error":0.0035455961223460103},"median":{"confidence_interval":{"confidence_level":0.95,"lower_bound":-0.012858593486373304,"upper_bound":0.000056017771770777713},"point_estimate":-0.00037707700059697036,"standard_error":0.002803973432016255}}