{"mean":{"confidence_interval":{"confidence_level":0.95,"lower_bound":-0.000996528717942441,"upper_bound":0.00015325591333727423},"point_estimate":-0.00034294839135262656,"standard_error":0.0002980219456721559},"median":{"confidence_interval":{"confidence_level":0.95,"lower_bound":-0.0005553680447164533,"upper_bound":0.0003118063798372983},"point_estimate":4.269825173430775e-6,"standard_error":0.0002318798935869175}}