{"mean":{"confidence_interval":{"confidence_level":0.95,"lower_bound":141308426.1,"upper_bound":146213379.32833335},"point_estimate":143654693.29000002,"standard_error":1250739.164653093},"median":{"confidence_interval":{"confidence_level":0.95,"lower_bound":141127985.45,"upper_bound":145410314.5},"point_estimate":143692758.8333333,"standard_error":1006156.1972184015},"median_abs_dev":{"confidence_interval":{"confidence_level":0.95,"lower_bound":452652.1037638482,"upper_bound":6640647.072204933},"point_estimate":2861796.7534929514,"standard_error":1652036.0127700309},"slope":{"confidence_interval":{"confidence_level":0.95,"lower_bound":142849379.59707654,"upper_bound":145226590.10687023},"point_estimate":144062188.70909092,"standard_error":592794.4038591833},"std_dev":{"confidence_interval":{"confidence_level":0.95,"lower_bound":1615192.9772523008,"upper_bound":5753595.324480865},"point_estimate":4156876.6664810567,"standard_error":1075172.3050946838}}