{"mean":{"confidence_interval":{"confidence_level":0.95,"lower_bound":-0.002590284298451578,"upper_bound":0.010793893209254106},"point_estimate":0.004006223242385865,"standard_error":0.003370286139548074},"median":{"confidence_interval":{"confidence_level":0.95,"lower_bound":-0.006985616262726424,"upper_bound":0.013701282128099956},"point_estimate":0.0010701934510743971,"standard_error":0.005267565938037369}}