{"mean":{"confidence_interval":{"confidence_level":0.95,"lower_bound":-0.01640371473599629,"upper_bound":-0.003065865574505257},"point_estimate":-0.009754044902413828,"standard_error":0.003410252564616179},"median":{"confidence_interval":{"confidence_level":0.95,"lower_bound":-0.018061282530816403,"upper_bound":-0.0017622015296899773},"point_estimate":-0.012592493359087076,"standard_error":0.004253226616028066}}