{"mean":{"confidence_interval":{"confidence_level":0.95,"lower_bound":-0.0002626637816630029,"upper_bound":0.0002365246456356107},"point_estimate":-0.000026020376382662747,"standard_error":0.0001275176767110107},"median":{"confidence_interval":{"confidence_level":0.95,"lower_bound":-0.0003735853542006229,"upper_bound":0.0002699850348077959},"point_estimate":-0.00014534632068774478,"standard_error":0.0001606275034527203}}