{"mean":{"confidence_interval":{"confidence_level":0.95,"lower_bound":-0.0025671970589610338,"upper_bound":0.000140025972259172},"point_estimate":-0.0009821694461044084,"standard_error":0.0007300966043282862},"median":{"confidence_interval":{"confidence_level":0.95,"lower_bound":-0.001566433316061766,"upper_bound":0.00021648190056366978},"point_estimate":-0.000037767560932322475,"standard_error":0.0004027878652813226}}