{"mean":{"confidence_interval":{"confidence_level":0.95,"lower_bound":0.004700380651032293,"upper_bound":0.038557211687173125},"point_estimate":0.021227256513365544,"standard_error":0.008669762251283792},"median":{"confidence_interval":{"confidence_level":0.95,"lower_bound":-0.004058117332726652,"upper_bound":0.040095621594478104},"point_estimate":0.013117872969981903,"standard_error":0.012544778626400549}}