{"mean":{"confidence_interval":{"confidence_level":0.95,"lower_bound":3.7272735070441323,"upper_bound":3.8960691751952883},"point_estimate":3.7841524633461794,"standard_error":0.052840026551195886},"median":{"confidence_interval":{"confidence_level":0.95,"lower_bound":3.727125955083676,"upper_bound":3.73204319059619},"point_estimate":3.727375352850814,"standard_error":0.012169905441574397},"median_abs_dev":{"confidence_interval":{"confidence_level":0.95,"lower_bound":0.00002849620598970812,"upper_bound":0.00644244216020132},"point_estimate":0.0007837322113275642,"standard_error":0.014429053981851183},"slope":{"confidence_interval":{"confidence_level":0.95,"lower_bound":3.727153957813358,"upper_bound":3.8780066953695647},"point_estimate":3.763904630315938,"standard_error":0.04365273868259361},"std_dev":{"confidence_interval":{"confidence_level":0.95,"lower_bound":0.00047760909750938575,"upper_bound":0.2699270820025254},"point_estimate":0.1764201198923026,"standard_error":0.10028101911915055}}