{"mean":{"confidence_interval":{"confidence_level":0.95,"lower_bound":0.0337539116617411,"upper_bound":0.05150024547293372},"point_estimate":0.04234208126326444,"standard_error":0.004526307953179021},"median":{"confidence_interval":{"confidence_level":0.95,"lower_bound":0.02911833243129429,"upper_bound":0.05332797777324183},"point_estimate":0.03898562027483754,"standard_error":0.0057326636260922985}}