{"mean":{"confidence_interval":{"confidence_level":0.95,"lower_bound":-0.03241933481285688,"upper_bound":0.005263456474651564},"point_estimate":-0.014022126149395353,"standard_error":0.009732825476814335},"median":{"confidence_interval":{"confidence_level":0.95,"lower_bound":-0.03207662692605173,"upper_bound":-0.00004537556494454975},"point_estimate":-0.02141122476002577,"standard_error":0.008329994385858028}}