{"mean":{"confidence_interval":{"confidence_level":0.95,"lower_bound":-0.0015477068798517206,"upper_bound":0.014396677325190949},"point_estimate":0.004097230158775611,"standard_error":0.004504275203372912},"median":{"confidence_interval":{"confidence_level":0.95,"lower_bound":-0.0008270453234077157,"upper_bound":0.00010132435992571409},"point_estimate":-0.00035628747209415224,"standard_error":0.00026770212971667504}}