{"mean":{"confidence_interval":{"confidence_level":0.95,"lower_bound":-0.03037549555801794,"upper_bound":0.019840568014475684},"point_estimate":-0.004945876154180406,"standard_error":0.012750285973575954},"median":{"confidence_interval":{"confidence_level":0.95,"lower_bound":-0.041913870716458045,"upper_bound":0.0218717430127906},"point_estimate":-0.016697458578248225,"standard_error":0.016290831941186287}}