{"mean":{"confidence_interval":{"confidence_level":0.95,"lower_bound":-0.024792212787482948,"upper_bound":0.04810192456037013},"point_estimate":0.012276946405188616,"standard_error":0.01870792660160658},"median":{"confidence_interval":{"confidence_level":0.95,"lower_bound":-0.031671434125798315,"upper_bound":0.05656420426943254},"point_estimate":0.02644202476967794,"standard_error":0.023961761962326654}}