{"mean":{"confidence_interval":{"confidence_level":0.95,"lower_bound":-0.016477431843574083,"upper_bound":0.026280624877436848},"point_estimate":0.006125658134418677,"standard_error":0.010870600166833366},"median":{"confidence_interval":{"confidence_level":0.95,"lower_bound":-0.01549678807500765,"upper_bound":0.03261600176667989},"point_estimate":0.01793039963536991,"standard_error":0.01332420767124462}}