{"mean":{"confidence_interval":{"confidence_level":0.95,"lower_bound":-0.03206965321557773,"upper_bound":0.02122081244715319},"point_estimate":-0.006640562384981341,"standard_error":0.013569671857272533},"median":{"confidence_interval":{"confidence_level":0.95,"lower_bound":-0.036739528970516466,"upper_bound":0.030380360697002562},"point_estimate":-0.010147391508075643,"standard_error":0.016289581228831496}}