{"mean":{"confidence_interval":{"confidence_level":0.95,"lower_bound":-0.01700677408478755,"upper_bound":-0.0024373449855314435},"point_estimate":-0.009680445215821676,"standard_error":0.003728920628035764},"median":{"confidence_interval":{"confidence_level":0.95,"lower_bound":-0.01913950135716469,"upper_bound":0.0033465749195848993},"point_estimate":-0.010067598999485727,"standard_error":0.005648773304590443}}