{"mean":{"confidence_interval":{"confidence_level":0.95,"lower_bound":0.0035031077174193935,"upper_bound":0.02242242349778875},"point_estimate":0.01297665267422099,"standard_error":0.004839811388733712},"median":{"confidence_interval":{"confidence_level":0.95,"lower_bound":0.0008118958391203357,"upper_bound":0.0282613547814059},"point_estimate":0.015975780712248033,"standard_error":0.007023426418977312}}