{"mean":{"confidence_interval":{"confidence_level":0.95,"lower_bound":-0.05187693365904159,"upper_bound":0.0033807085569369172},"point_estimate":-0.02313676952104271,"standard_error":0.01404484593589134},"median":{"confidence_interval":{"confidence_level":0.95,"lower_bound":-0.033778880322847815,"upper_bound":-0.00354089336374408},"point_estimate":-0.022097378579007287,"standard_error":0.0078810083054228}}