{"mean":{"confidence_interval":{"confidence_level":0.95,"lower_bound":-0.013850024038229866,"upper_bound":0.0032690223955520333},"point_estimate":-0.005282494689270889,"standard_error":0.004365651687880096},"median":{"confidence_interval":{"confidence_level":0.95,"lower_bound":-0.017595115283965512,"upper_bound":0.00782021479488515},"point_estimate":-0.001992777744285301,"standard_error":0.0068080481482634325}}